objectPath,objectName,objectType,id
/Explore/Large_Project_Test,Mapping36_50uniongroups - Valid - Copy 159,DTEMPLATE,2z4bOif006afKxUYuV00Yy
/Explore/Large_Project_Test,Mapping36_50uniongroups - Valid - Copy 136,DTEMPLATE,a92YujSSSWxk2la7phs0Wa
/Explore/Large_Project_Test,Mapping36_50uniongroups - Valid - Copy 127,DTEMPLATE,5qzsmkupAIVjN5AZtWYHYW
/Explore/Large_Project_Test,Mapping36_50uniongroups - Valid - Copy 167,DTEMPLATE,7V2jMqGL9eXk6gGVy8hzyK
/Explore/Large_Project_Test,Mapping36_50uniongroups - Valid - Copy 182,DTEMPLATE,hu8CObzojynicFfMBNgQoL
/Explore/Large_Project_Test,Mapping36_50uniongroups - Valid - Copy 109,DTEMPLATE,3T2l3F4Zo7rfTHrGHJkLKg
/Explore/Large_Project_Test,Mapping36_50uniongroups - Valid - Copy 160,DTEMPLATE,5jREDH6Prsic6qqr0lLHCt
/Explore/Large_Project_Test,Mapping36_50uniongroups - Valid - Copy 184,DTEMPLATE,1cs5csvFpTigDtzJhEzaKj
/SYS,SK_Con_FF_Auto,Connection,6xK8mVhxWCAcMads8jCiUZ
/Explore/Large_Project_Test,Mapping36_50uniongroups - Valid - Copy 10,DTEMPLATE,kjju4DUaH2ZfT0o2qNq967
/Explore/Large_Project_Test,Mapping36_50uniongroups - Valid - Copy 180,DTEMPLATE,hGxHKbIAUSjet7hWbBhha2
/Explore/Large_Project_Test,Mapping36_50uniongroups - Valid - Copy 17,DTEMPLATE,7vsEe26njlcjdn4h98aEA2
/Explore/Large_Project_Test,Mapping36_50uniongroups - Valid - Copy 131,DTEMPLATE,avu7rUi6fsSiHclJVlt64D
/Explore/Large_Project_Test,Mapping36_50uniongroups - Valid - Copy 170,DTEMPLATE,aaw4MSilLrSd6KqTLmIAcr
/SYS,USW1MJ02VZ0G,AgentGroup,lwL738Rp54dhiSDc12ObGF
/Explore/Large_Project_Test,Mapping36_50uniongroups - Valid - Copy 112,DTEMPLATE,czGvEtleYYginIfhHABDaq
/Explore/Large_Project_Test,Mapping36_50uniongroups - Valid - Copy 1001,DTEMPLATE,5otf3rpfwrllSbBZb0zeiO
/Explore/Large_Project_Test,Mapping36_50uniongroups - Valid - Copy 179,DTEMPLATE,8Gy0N4LpKebeBigfkUFssS
/Explore/Large_Project_Test,Mapping36_50uniongroups - Valid - Copy 148,DTEMPLATE,6jugs0oT7qJfimRUNlrV0z
/Explore/Large_Project_Test,Mapping36_50uniongroups - Valid - Copy 161,DTEMPLATE,0uOT0DinvSlc4TzKRtBpsZ
/Explore/Large_Project_Test,Mapping36_50uniongroups - Valid - Copy 12,DTEMPLATE,iikv2w9AOAab8e4ovZpnyo
/Explore/Large_Project_Test,Mapping36_50uniongroups - Valid - Copy 101,DTEMPLATE,73yUUbpk3w6iAOs835PY41
/Explore/Large_Project_Test,Mapping36_50uniongroups - Valid - Copy 11,DTEMPLATE,0KO0HqEWWKjlHNYKHOOjkb
/Explore/Large_Project_Test,Mapping36_50uniongroups - Valid - Copy 146,DTEMPLATE,cHWsz8HoN0JfahwGDYtiwy
/Explore/Large_Project_Test,Mapping36_50uniongroups - Valid - Copy 1002,DTEMPLATE,8iogN9SPVhjeIgwCMBFQQf
/Explore/Large_Project_Test,Mapping36_50uniongroups - Valid - Copy 142,DTEMPLATE,03W2cvnDsaEhg9NecnJpOW
/Explore/Large_Project_Test,Mapping36_50uniongroups - Valid - Copy 120,DTEMPLATE,a2KQaYtJdE5kHCUD1VrKwZ
/Explore/Large_Project_Test,Mapping36_50uniongroups - Valid - Copy 104,DTEMPLATE,bDWitqHUCGylJTbPIyihkF
/Explore/Large_Project_Test,Mapping36_50uniongroups - Valid - Copy 164,DTEMPLATE,cR6azvRidu3iYr3npEs3o6
/Explore/Large_Project_Test,Mapping36_50uniongroups - Valid - Copy 113,DTEMPLATE,79N0d0WGD6DhL3N5O1Xjqg
/Explore/Large_Project_Test,Mapping36_50uniongroups - Valid - Copy 119,DTEMPLATE,d5GTP49Dy4OcO80if7IikU
/Explore/Large_Project_Test,Mapping36_50uniongroups - Valid - Copy 114,DTEMPLATE,6cT0RCMnvdqkDf1gSoYx2d
/Explore/Large_Project_Test,Mapping36_50uniongroups - Valid - Copy 137,DTEMPLATE,lAZYhiIbzGBcD1tPeG6vcZ
/Explore,Large_Project_Test,Project,2sO1OHfIL2udXbuKqroB8C
/Explore/Large_Project_Test,Mapping36_50uniongroups - Valid - Copy 16,DTEMPLATE,7v9hA1Zuk7MdtHLrqEG0gu
/Explore/Large_Project_Test,Mapping36_50uniongroups - Valid - Copy 107,DTEMPLATE,2Ve2K6ovcGqcGNOtCiuQmk
/Explore/Large_Project_Test,Mapping36_50uniongroups - Valid - Copy 118,DTEMPLATE,4BHKmzyuolEjDQGsbSuEyJ
/Explore/Large_Project_Test,Mapping36_50uniongroups - Valid - Copy 172,DTEMPLATE,1fcMTCw7qeebZ8tNdJNBMr
/Explore/Large_Project_Test,Mapping36_50uniongroups - Valid - Copy 124,DTEMPLATE,cdGie1k4s2gfHpHcwIVXg6
/Explore/Large_Project_Test,Mapping36_50uniongroups - Valid - Copy 122,DTEMPLATE,a29jyHRj9mFhzw2rQy5hUD
/Explore/Large_Project_Test,Mapping36_50uniongroups - Valid - Copy 13,DTEMPLATE,3mIKwBhdcsIkCnbFqWsZwo
/Explore/Large_Project_Test,Mapping36_50uniongroups - Valid - Copy 181,DTEMPLATE,16Opzop4ApnfXxuHp9dVUh
/Explore/Large_Project_Test,Mapping36_50uniongroups - Valid - Copy 144,DTEMPLATE,cCaWq1vk3KveYt5BoxM0Wq
/Explore/Large_Project_Test,Mapping36_50uniongroups - Valid - Copy 175,DTEMPLATE,1F8aMQ8NwuzcZFFoFU2M2b
/Explore/Large_Project_Test,Mapping36_50uniongroups - Valid - Copy 140,DTEMPLATE,eIYK5jAdqqafYND6MY6Rsw
/Explore/Large_Project_Test,Mapping36_50uniongroups - Valid - Copy 185,DTEMPLATE,lgG0J9ylpeWbBMOMZ1n1Ar
/Explore/Large_Project_Test,Mapping36_50uniongroups - Valid - Copy 14,DTEMPLATE,6lU4j83SU0YkDo6416mmOB
/Explore/Large_Project_Test,Mapping36_50uniongroups - Valid - Copy 163,DTEMPLATE,aLgSV6iWOFKfWe1meanu23
/Explore/Large_Project_Test,Mapping36_50uniongroups - Valid - Copy 125,DTEMPLATE,6xWbe1FQVQBlJq4VXvhH86
/Explore/Large_Project_Test,Mapping36_50uniongroups - Valid - Copy 162,DTEMPLATE,0Ct34bWfLxdfHeLHeEEDOg
/Explore/Large_Project_Test,Mapping36_50uniongroups - Valid - Copy 169,DTEMPLATE,0SFt2OAhEcWb8Hxy3wUEgM
/Explore/Large_Project_Test,Mapping36_50uniongroups - Valid - Copy 149,DTEMPLATE,kBWpLToTDIclgdIHmamn2R
/Explore/Large_Project_Test,Mapping36_50uniongroups - Valid - Copy 129,DTEMPLATE,4juy3qfdfhOev7uFMzlXM5
/Explore/Large_Project_Test,Mapping36_50uniongroups - Valid - Copy 153,DTEMPLATE,0KequUwuyoHkvI3yoNWL8x
/Explore/Large_Project_Test,Mapping36_50uniongroups - Valid - Copy 100,DTEMPLATE,0Y4RcN9LNO7e1V17pOW8uw
/Explore/Large_Project_Test,Mapping36_50uniongroups - Valid - Copy 110,DTEMPLATE,fEKk3w3cJufbEfEZCeDSuO
/Explore/Large_Project_Test,Mapping36_50uniongroups - Valid - Copy 143,DTEMPLATE,dIcNQcwpQKujDbRKaMZge5
/Explore/Large_Project_Test,Mapping36_50uniongroups - Valid - Copy 139,DTEMPLATE,47OD3xLlO51gGR1kXsroU4
/Explore/Large_Project_Test,Mapping36_50uniongroups - Valid - Copy 183,DTEMPLATE,k3iinSLkvcTkjfhhLKKPeI
/Explore/Large_Project_Test,Mapping36_50uniongroups - Valid - Copy 108,DTEMPLATE,kETx5FIdt25gdJonzQNEAO
/Explore/Large_Project_Test,Mapping36_50uniongroups - Valid,DTEMPLATE,302Pdgwc9DQlrvcAlgQcg0
/Explore/Large_Project_Test,Mapping36_50uniongroups - Valid - Copy 135,DTEMPLATE,lUHghn2gaKujEKyn0ln1KJ
/Explore/Large_Project_Test,Mapping36_50uniongroups - Valid - Copy 165,DTEMPLATE,gyrSKZjHOe0dQPPOXccTOi
/Explore/Large_Project_Test,Mapping36_50uniongroups - Valid - Copy 121,DTEMPLATE,3GDOFjWugETbRx0Zadif44
/Explore/Large_Project_Test,Mapping36_50uniongroups - Valid - Copy 116,DTEMPLATE,8sKYnAfGdF2iMLjE2xxyq5
/Explore/Large_Project_Test,Mapping36_50uniongroups - Valid - Copy 138,DTEMPLATE,bdsgbcy1HsmjOHMh3MS2eg
/Explore/Large_Project_Test,Mapping36_50uniongroups - Valid - Copy 15,DTEMPLATE,53X4CqynOqMbSzQVBQ10SS
/Explore/Large_Project_Test,Mapping36_50uniongroups - Valid - Copy 141,DTEMPLATE,5rlolJsWpwAjHIPNdwFsgz
/Explore/Large_Project_Test,Mapping36_50uniongroups - Valid - Copy 178,DTEMPLATE,lcM67UhvaEIbmnEClv3z8Q
/Explore/Large_Project_Test,Mapping36_50uniongroups - Valid - Copy 1000,DTEMPLATE,gftVIl2RoYIglUXWs7if6U
/Explore/Large_Project_Test,Mapping36_50uniongroups - Valid - Copy 158,DTEMPLATE,3fl7kqBpNS6bdePFq1cYWQ
/Explore/Large_Project_Test,Mapping36_50uniongroups - Valid - Copy 111,DTEMPLATE,6kd0RXTiUUffdS9E03AtWJ
/Explore/Large_Project_Test,Mapping36_50uniongroups - Valid - Copy 171,DTEMPLATE,0ro2ELGt76zfjZOR0NxX8L